x,y,Floor,Room #,Teacher
0,0,1,null,
0,1,1,null,
0,2,1,null,
0,3,1,null,
0,4,1,null,
0,5,1,null,
0,6,1,null,
0,7,1,null,
0,8,1,null,
0,9,1,null,
0,10,1,null,
0,11,1,null,
0,12,1,null,
0,13,1,null,
0,14,1,null,
0,15,1,null,
0,16,1,null,
0,17,1,null,
0,18,1,null,
0,19,1,null,
0,20,1,null,
0,21,1,null,
0,22,1,null,
0,23,1,null,
0,24,1,null,
0,25,1,null,
0,26,1,null,
0,27,1,null,
0,28,1,null,
0,29,1,null,
0,30,1,null,
0,31,1,null,
0,32,1,null,
0,33,1,null,
0,34,1,null,
0,35,1,null,
0,36,1,null,
0,37,1,null,
1,0,1,null,
1,1,1,null,
1,2,1,null,
1,3,1,null,
1,4,1,null,
1,5,1,null,
1,6,1,null,
1,7,1,null,
1,8,1,null,
1,9,1,null,
1,10,1,null,
1,11,1,null,
1,12,1,null,
1,13,1,null,
1,14,1,null,
1,15,1,null,
1,16,1,null,
1,17,1,null,
1,18,1,null,
1,19,1,null,
1,20,1,null,
1,21,1,null,
1,22,1,null,
1,23,1,null,
1,24,1,null,
1,25,1,null,
1,26,1,null,
1,27,1,null,
1,28,1,null,
1,29,1,null,
1,30,1,null,
1,31,1,null,
1,32,1,null,
1,33,1,null,
1,34,1,null,
1,35,1,null,
1,36,1,null,
1,37,1,null,
2,0,1,null,
2,1,1,null,
2,2,1,null,
2,3,1,null,
2,4,1,null,
2,5,1,null,
2,6,1,null,
2,7,1,null,
2,8,1,Exit,
2,9,1,null,
2,10,1,null,
2,11,1,null,
2,12,1,null,
2,13,1,null,
2,14,1,Exit,
2,15,1,null,
2,16,1,null,
2,17,1,null,
2,18,1,null,
2,19,1,Exit,
2,20,1,null,
2,21,1,null,
2,22,1,null,
2,23,1,null,
2,24,1,null,
2,25,1,null,
2,26,1,null,
2,27,1,null,
2,28,1,null,
2,29,1,null,
2,30,1,null,
2,31,1,null,
2,32,1,null,
2,33,1,null,
2,34,1,null,
2,35,1,null,
2,36,1,null,
2,37,1,null,
3,0,1,null,
3,1,1,null,
3,2,1,null,
3,3,1,null,
3,4,1,null,
3,5,1,null,
3,6,1,null,
3,7,1,Library,Cole
3,8,1,Intersection,
3,9,1,001,Stotts
3,10,1,Hall,
3,11,1,002,Poertner
3,12,1,Hall,
3,13,1,003,Sundberg
3,14,1,Intersection,
3,15,1,Hall,
3,16,1,004,Fanscher
3,17,1,005,Grice/Phillips
3,18,1,Hall,
3,19,1,Intersection,
3,20,1,006,Mooney
3,21,1,Hall,
3,22,1,007,Marshall
3,23,1,Hall,
3,24,1,008,Barrett
3,25,1,009,Norman
3,26,1,Exit,
3,27,1,null,
3,28,1,null,
3,29,1,null,
3,30,1,null,
3,31,1,null,
3,32,1,null,
3,33,1,null,
3,34,1,null,
3,35,1,null,
3,36,1,null,
3,37,1,null,
4,0,1,null,
4,1,1,null,
4,2,1,null,
4,3,1,null,
4,4,1,null,
4,5,1,null,
4,6,1,null,
4,7,1,null,
4,8,1,202,Hart
4,9,1,null,
4,10,1,null,
4,11,1,null,
4,12,1,null,
4,13,1,null,
4,14,1,Hall,
4,15,1,null,
4,16,1,null,
4,17,1,null,
4,18,1,null,
4,19,1,Hall,
4,20,1,null,
4,21,1,null,
4,22,1,null,
4,23,1,null,
4,24,1,null,
4,25,1,null,
4,26,1,null,
4,27,1,null,
4,28,1,null,
4,29,1,null,
4,30,1,null,
4,31,1,null,
4,32,1,null,
4,33,1,null,
4,34,1,null,
4,35,1,null,
4,36,1,null,
4,37,1,null,
5,0,1,null,
5,1,1,null,
5,2,1,null,
5,3,1,null,
5,4,1,null,
5,5,1,null,
5,6,1,null,
5,7,1,null,
5,8,1,203,
5,9,1,102,Christian
5,10,1,null,
5,11,1,null,
5,12,1,104/106,Polasek/Christian
5,13,1,null,
5,14,1,Hall,
5,15,1,108,Palermo
5,16,1,110,Estep
5,17,1,112,Raouf
5,18,1,null,
5,19,1,null,
5,20,1,null,
5,21,1,null,
5,22,1,null,
5,23,1,null,
5,24,1,null,
5,25,1,null,
5,26,1,Exit,
5,27,1,null,
5,28,1,null,
5,29,1,null,
5,30,1,null,
5,31,1,null,
5,32,1,null,
5,33,1,null,
5,34,1,null,
5,35,1,null,
5,36,1,null,
5,37,1,null,
6,0,1,null,
6,1,1,null,
6,2,1,null,
6,3,1,null,
6,4,1,null,
6,5,1,null,
6,6,1,null,
6,7,1,null,
6,8,1,204,
6,9,1,101,Oberlander
6,10,1,Hall,
6,11,1,Hall,
6,12,1,103/105,Mumaw/Wilbers
6,13,1,Hall,
6,14,1,Hall,
6,15,1,Hall,
6,16,1,107/109,Dorsch/Barnett
6,17,1,Hall,
6,18,1,111,Mathis
6,19,1,Hall,
6,20,1,Hall,
6,21,1,113,Daily
6,22,1,Hall,
6,23,1,115/117,Williams/Schuberth
6,24,1,Hall,
6,25,1,Hall,
6,26,1,Exit,
6,27,1,null,
6,28,1,null,
6,29,1,null,
6,30,1,null,
6,31,1,null,
6,32,1,null,
6,33,1,null,
6,34,1,null,
6,35,1,null,
6,36,1,null,
6,37,1,null,
7,0,1,null,
7,1,1,null,
7,2,1,null,
7,3,1,null,
7,4,1,null,
7,5,1,null,
7,6,1,null,
7,7,1,null,
7,8,1,205,
7,9,1,null,
7,10,1,null,
7,11,1,null,
7,12,1,null,
7,13,1,null,
7,14,1,Hall,
7,15,1,null,
7,16,1,null,
7,17,1,null,
7,18,1,null,
7,19,1,null,
7,20,1,null,
7,21,1,null,
7,22,1,null,
7,23,1,null,
7,24,1,null,
7,25,1,null,
7,26,1,null,
7,27,1,null,
7,28,1,null,
7,29,1,null,
7,30,1,null,
7,31,1,null,
7,32,1,null,
7,33,1,null,
7,34,1,null,
7,35,1,null,
7,36,1,null,
7,37,1,null,
8,0,1,null,
8,1,1,null,
8,2,1,null,
8,3,1,null,
8,4,1,null,
8,5,1,null,
8,6,1,null,
8,7,1,null,
8,8,1,206,
8,9,1,null,
8,10,1,null,
8,11,1,null,
8,12,1,null,
8,13,1,null,
8,14,1,Hall,
8,15,1,null,
8,16,1,null,
8,17,1,null,
8,18,1,null,
8,19,1,null,
8,20,1,null,
8,21,1,null,
8,22,1,null,
8,23,1,null,
8,24,1,null,
8,25,1,null,
8,26,1,null,
8,27,1,null,
8,28,1,null,
8,29,1,null,
8,30,1,null,
8,31,1,null,
8,32,1,null,
8,33,1,null,
8,34,1,null,
8,35,1,null,
8,36,1,null,
8,37,1,null,
9,0,1,null,
9,1,1,null,
9,2,1,null,
9,3,1,null,
9,4,1,null,
9,5,1,null,
9,6,1,North Office,
9,7,1,null,
9,8,1,Hall,
9,9,1,302,Dowler/VanDev
9,10,1,null,
9,11,1,null,
9,12,1,304/306,Black/Crabtree/Schibi/Rush
9,13,1,null,
9,14,1,Hall,
9,15,1,null,
9,16,1,308,Leonard/Rehkow
9,17,1,310,Thaller
9,18,1,312,Alonzo
9,19,1,Hall,
9,20,1,314,Bertrand
9,21,1,null,
9,22,1,316,Morrow
9,23,1,null,
9,24,1,318/320,Esch/Strait
9,25,1,null,
9,26,1,null,
9,27,1,null,
9,28,1,null,
9,29,1,null,
9,30,1,null,
9,31,1,null,
9,32,1,null,
9,33,1,null,
9,34,1,null,
9,35,1,null,
9,36,1,null,
9,37,1,null,
10,0,1,null,
10,1,1,Hall,
10,2,1,Hall,
10,3,1,Hall,
10,4,1,Hall,
10,5,1,Hall,
10,6,1,Hall,
10,7,1,Hall,
10,8,1,Intersection,
10,9,1,Hall,
10,10,1,301,Martin
10,11,1,Hall,
10,12,1,303,Baker
10,13,1,Hall,
10,14,1,Intersection,
10,15,1,Hall,
10,16,1,Hall,
10,17,1,309,Schmelzle
10,18,1,Hall,
10,19,1,Intersection,
10,20,1,Hall,
10,21,1,Hall,
10,22,1,317,Sheridan
10,23,1,Hall,
10,24,1,319,Goebel
10,25,1,321,Montgomery
10,26,1,Exit,
10,27,1,null,
10,28,1,null,
10,29,1,null,
10,30,1,null,
10,31,1,null,
10,32,1,null,
10,33,1,null,
10,34,1,null,
10,35,1,null,
10,36,1,null,
10,37,1,null,
11,0,1,null,
11,1,1,null,
11,2,1,null,
11,3,1,null,
11,4,1,null,
11,5,1,null,
11,6,1,null,
11,7,1,null,
11,8,1,Hall,
11,9,1,null,
11,10,1,null,
11,11,1,null,
11,12,1,null,
11,13,1,null,
11,14,1,Hall,
11,15,1,null,
11,16,1,null,
11,17,1,null,
11,18,1,null,
11,19,1,Hall,
11,20,1,null,
11,21,1,null,
11,22,1,null,
11,23,1,null,
11,24,1,null,
11,25,1,null,
11,26,1,null,
11,27,1,null,
11,28,1,null,
11,29,1,null,
11,30,1,null,
11,31,1,null,
11,32,1,null,
11,33,1,null,
11,34,1,null,
11,35,1,null,
11,36,1,null,
11,37,1,null,
12,0,1,null,
12,1,1,null,
12,2,1,null,
12,3,1,null,
12,4,1,null,
12,5,1,null,
12,6,1,null,
12,7,1,null,
12,8,1,Hall,
12,9,1,null,
12,10,1,null,
12,11,1,null,
12,12,1,null,
12,13,1,null,
12,14,1,404,Kimsey/Malick
12,15,1,null,
12,16,1,null,
12,17,1,null,
12,18,1,null,
12,19,1,603,Marshall
12,20,1,null,
12,21,1,null,
12,22,1,null,
12,23,1,null,
12,24,1,null,
12,25,1,null,
12,26,1,null,
12,27,1,null,
12,28,1,null,
12,29,1,null,
12,30,1,null,
12,31,1,null,
12,32,1,null,
12,33,1,null,
12,34,1,null,
12,35,1,null,
12,36,1,null,
12,37,1,null,
13,0,1,null,
13,1,1,null,
13,2,1,null,
13,3,1,null,
13,4,1,null,
13,5,1,null,
13,6,1,null,
13,7,1,null,
13,8,1,Hall,
13,9,1,null,
13,10,1,null,
13,11,1,null,
13,12,1,null,
13,13,1,null,
13,14,1,406,Wisner
13,15,1,null,
13,16,1,null,
13,17,1,null,
13,18,1,null,
13,19,1,Intersection,
13,20,1,516,Ceule
13,21,1,Hall,
13,22,1,Hall,
13,23,1,Hall,
13,24,1,518,McKidney
13,25,1,520,McKidney
13,26,1,Exit,
13,27,1,null,
13,28,1,null,
13,29,1,null,
13,30,1,null,
13,31,1,null,
13,32,1,null,
13,33,1,null,
13,34,1,null,
13,35,1,null,
13,36,1,null,
13,37,1,null,
14,0,1,null,
14,1,1,null,
14,2,1,null,
14,3,1,null,
14,4,1,null,
14,5,1,null,
14,6,1,null,
14,7,1,null,
14,8,1,Hall,
14,9,1,null,
14,10,1,null,
14,11,1,null,
14,12,1,null,
14,13,1,null,
14,14,1,Hall,
14,15,1,null,
14,16,1,null,
14,17,1,null,
14,18,1,null,
14,19,1,605,Smith
14,20,1,null,
14,21,1,null,
14,22,1,null,
14,23,1,517,Babusa-Lucas
14,24,1,519,Farrell
14,25,1,null,
14,26,1,null,
14,27,1,null,
14,28,1,null,
14,29,1,null,
14,30,1,null,
14,31,1,null,
14,32,1,null,
14,33,1,null,
14,34,1,null,
14,35,1,null,
14,36,1,null,
14,37,1,null,
15,0,1,null,
15,1,1,null,
15,2,1,null,
15,3,1,null,
15,4,1,null,
15,5,1,null,
15,6,1,null,
15,7,1,null,
15,8,1,Hall,
15,9,1,null,
15,10,1,null,
15,11,1,null,
15,12,1,null,
15,13,1,null,
15,14,1,Hall,
15,15,1,null,
15,16,1,null,
15,17,1,null,
15,18,1,null,
15,19,1,607,Ray
15,20,1,null,
15,21,1,null,
15,22,1,null,
15,23,1,null,
15,24,1,null,
15,25,1,null,
15,26,1,null,
15,27,1,null,
15,28,1,null,
15,29,1,null,
15,30,1,null,
15,31,1,null,
15,32,1,null,
15,33,1,null,
15,34,1,null,
15,35,1,null,
15,36,1,null,
15,37,1,null,
16,0,1,null,
16,1,1,null,
16,2,1,null,
16,3,1,null,
16,4,1,null,
16,5,1,null,
16,6,1,null,
16,7,1,null,
16,8,1,Lecture Hall,
16,9,1,null,
16,10,1,null,
16,11,1,null,
16,12,1,null,
16,13,1,null,
16,14,1,408/410,Gran/Messick
16,15,1,null,
16,16,1,null,
16,17,1,null,
16,18,1,null,
16,19,1,Hall,
16,20,1,null,
16,21,1,null,
16,22,1,null,
16,23,1,null,
16,24,1,null,
16,25,1,null,
16,26,1,null,
16,27,1,null,
16,28,1,null,
16,29,1,null,
16,30,1,null,
16,31,1,null,
16,32,1,null,
16,33,1,null,
16,34,1,null,
16,35,1,null,
16,36,1,null,
16,37,1,null,
17,0,1,null,
17,1,1,null,
17,2,1,null,
17,3,1,null,
17,4,1,null,
17,5,1,null,
17,6,1,null,
17,7,1,null,
17,8,1,Hall,
17,9,1,null,
17,10,1,null,
17,11,1,null,
17,12,1,null,
17,13,1,null,
17,14,1,Hall,
17,15,1,null,
17,16,1,null,
17,17,1,null,
17,18,1,null,
17,19,1,Hall,
17,20,1,null,
17,21,1,null,
17,22,1,null,
17,23,1,null,
17,24,1,null,
17,25,1,null,
17,26,1,null,
17,27,1,null,
17,28,1,null,
17,29,1,null,
17,30,1,null,
17,31,1,null,
17,32,1,null,
17,33,1,null,
17,34,1,null,
17,35,1,null,
17,36,1,null,
17,37,1,null,
18,0,1,null,
18,1,1,null,
18,2,1,null,
18,3,1,null,
18,4,1,null,
18,5,1,null,
18,6,1,null,
18,7,1,null,
18,8,1,Hall,
18,9,1,null,
18,10,1,null,
18,11,1,null,
18,12,1,null,
18,13,1,null,
18,14,1,Small Gym,
18,15,1,null,
18,16,1,null,
18,17,1,null,
18,18,1,null,
18,19,1,609,Gran
18,20,1,null,
18,21,1,null,
18,22,1,null,
18,23,1,null,
18,24,1,null,
18,25,1,null,
18,26,1,null,
18,27,1,null,
18,28,1,null,
18,29,1,null,
18,30,1,null,
18,31,1,null,
18,32,1,null,
18,33,1,null,
18,34,1,null,
18,35,1,null,
18,36,1,null,
18,37,1,null,
19,0,1,null,
19,1,1,null,
19,2,1,null,
19,3,1,null,
19,4,1,null,
19,5,1,Hall,
19,6,1,Hall,
19,7,1,Hall,
19,8,1,Hall,
19,9,1,Hall,
19,10,1,Hall,
19,11,1,Hall,
19,12,1,Hall,
19,13,1,Hall,
19,14,1,Hall,
19,15,1,Hall,
19,16,1,Hall,
19,17,1,Hall,
19,18,1,Hall,
19,19,1,Hall,
19,20,1,Hall,
19,21,1,Hall,
19,22,1,Hall,
19,23,1,Hall,
19,24,1,Exit,
19,25,1,null,
19,26,1,null,
19,27,1,null,
19,28,1,null,
19,29,1,null,
19,30,1,null,
19,31,1,null,
19,32,1,null,
19,33,1,null,
19,34,1,null,
19,35,1,null,
19,36,1,null,
19,37,1,null,
20,0,1,null,
20,1,1,null,
20,2,1,null,
20,3,1,null,
20,4,1,null,
20,5,1,null,
20,6,1,Hall,
20,7,1,Hall,
20,8,1,Hall,
20,9,1,null,
20,10,1,null,
20,11,1,null,
20,12,1,null,
20,13,1,null,
20,14,1,Hall,
20,15,1,Commons,
20,16,1,null,
20,17,1,null,
20,18,1,null,
20,19,1,null,
20,20,1,null,
20,21,1,null,
20,22,1,null,
20,23,1,null,
20,24,1,null,
20,25,1,null,
20,26,1,null,
20,27,1,null,
20,28,1,null,
20,29,1,null,
20,30,1,null,
20,31,1,null,
20,32,1,null,
20,33,1,null,
20,34,1,null,
20,35,1,null,
20,36,1,null,
20,37,1,null,
21,0,1,null,
21,1,1,null,
21,2,1,null,
21,3,1,null,
21,4,1,null,
21,5,1,null,
21,6,1,Hall,
21,7,1,Hall,
21,8,1,Big Gym,
21,9,1,null,
21,10,1,null,
21,11,1,null,
21,12,1,null,
21,13,1,null,
21,14,1,Big Gym,
21,15,1,Hall,
21,16,1,null,
21,17,1,null,
21,18,1,null,
21,19,1,null,
21,20,1,null,
21,21,1,null,
21,22,1,null,
21,23,1,null,
21,24,1,null,
21,25,1,null,
21,26,1,null,
21,27,1,null,
21,28,1,null,
21,29,1,null,
21,30,1,null,
21,31,1,null,
21,32,1,null,
21,33,1,null,
21,34,1,null,
21,35,1,null,
21,36,1,null,
21,37,1,null,
22,0,1,null,
22,1,1,null,
22,2,1,null,
22,3,1,null,
22,4,1,null,
22,5,1,null,
22,6,1,Hall,
22,7,1,Hall,
22,8,1,Hall,
22,9,1,null,
22,10,1,null,
22,11,1,null,
22,12,1,null,
22,13,1,null,
22,14,1,Hall,
22,15,1,Hall,
22,16,1,Hall,
22,17,1,Hall,
22,18,1,Hall,
22,19,1,Hall,
22,20,1,Hall,
22,21,1,Hall,
22,22,1,null,
22,23,1,null,
22,24,1,null,
22,25,1,null,
22,26,1,null,
22,27,1,null,
22,28,1,null,
22,29,1,null,
22,30,1,null,
22,31,1,null,
22,32,1,null,
22,33,1,null,
22,34,1,null,
22,35,1,null,
22,36,1,null,
22,37,1,null,
23,0,1,null,
23,1,1,null,
23,2,1,null,
23,3,1,null,
23,4,1,null,
23,5,1,null,
23,6,1,PAC,
23,7,1,Hall,
23,8,1,Hall,
23,9,1,null,
23,10,1,null,
23,11,1,null,
23,12,1,null,
23,13,1,null,
23,14,1,null,
23,15,1,null,
23,16,1,Hall,
23,17,1,Hall,
23,18,1,Hall,
23,19,1,Hall,
23,20,1,Hall,
23,21,1,Hall,
23,22,1,null ,
23,23,1,null ,
23,24,1,null ,
23,25,1,null ,
23,26,1,null ,
23,27,1,null ,
23,28,1,null ,
23,29,1,null ,
23,30,1,null ,
23,31,1,null ,
23,32,1,null ,
23,33,1,null ,
23,34,1,null ,
23,35,1,null ,
23,36,1,null ,
23,37,1,null ,
24,0,1,null,
24,1,1,null,
24,2,1,null,
24,3,1,null,
24,4,1,null,
24,5,1,null,
24,6,1,null,
24,7,1,null,
24,8,1,Hall,
24,9,1,null,
24,10,1,null,
24,11,1,null,
24,12,1,null,
24,13,1,null,
24,14,1,null,
24,15,1,null,
24,16,1,Hall,
24,17,1,Hall,
24,18,1,Hall,
24,19,1,Hall,
24,20,1,Hall,
24,21,1,Hall,
24,22,1,Hall,
24,23,1,Hall,
24,24,1,Hall,
24,25,1,Hall,
24,26,1,Hall,
24,27,1,Hall,
24,28,1,Hall,
24,29,1,Hall,
24,30,1,Hall,
24,31,1,Hall,
24,32,1,Hall,
24,33,1,null,
24,34,1,null,
24,35,1,null,
24,36,1,null,
24,37,1,null,
25,0,1,null,
25,1,1,null,
25,2,1,null,
25,3,1,null,
25,4,1,null,
25,5,1,null,
25,6,1,null,
25,7,1,null,
25,8,1,Hall,
25,9,1,null,
25,10,1,null,
25,11,1,null,
25,12,1,null,
25,13,1,null,
25,14,1,null,
25,15,1,null,
25,16,1,Hall,
25,17,1,Hall,
25,18,1,Hall,
25,19,1,Hall,
25,20,1,Hall,
25,21,1,Hall,
25,22,1,null,
25,23,1,null,
25,24,1,Hall,
25,25,1,Stairs,47,25,
25,26,1,null,
25,27,1,Hall,
25,28,1,null,
25,29,1,null,
25,30,1,null,
25,31,1,Hall,
25,32,1,null,
25,33,1,null,
25,34,1,null,
25,35,1,null,
25,36,1,null,
25,37,1,null,
26,0,1,null,
26,1,1,null,
26,2,1,null,
26,3,1,null,
26,4,1,null,
26,5,1,null,
26,6,1,null,
26,7,1,null,
26,8,1,Hall,
26,9,1,null,
26,10,1,null,
26,11,1,null,
26,12,1,null,
26,13,1,null,
26,14,1,Hall,
26,15,1,Hall,
26,16,1,Hall,
26,17,1,Hall,
26,18,1,Hall,
26,19,1,Hall,
26,20,1,Hall,
26,21,1,Hall,
26,22,1,null,
26,23,1,null,
26,24,1,Hall,
26,25,1,null,
26,26,1,null,
26,27,1,Hall,
26,28,1,null,
26,29,1,null,
26,30,1,null,
26,31,1,Hall,
26,32,1,Hall,
26,33,1,Hall,
26,34,1,Hall,
26,35,1,Hall,
26,36,1,931,Tolentino
26,37,1,null,
27,0,1,null,
27,1,1,null,
27,2,1,null,
27,3,1,null,
27,4,1,null,
27,5,1,null,
27,6,1,null,
27,7,1,null,
27,8,1,Hall,
27,9,1,null,
27,10,1,null,
27,11,1,null,
27,12,1,null,
27,13,1,null,
27,14,1,null,
27,15,1,null,
27,16,1,Hall,
27,17,1,null,
27,18,1,null,
27,19,1,null,
27,20,1,null,
27,21,1,null,
27,22,1,null,
27,23,1,null,
27,24,1,null,
27,25,1,null,
27,26,1,null,
27,27,1,Hall,
27,28,1,null,
27,29,1,null,
27,30,1,null,
27,31,1,null,
27,32,1,null,
27,33,1,null,
27,34,1,null,
27,35,1,Hall,
27,36,1,null,
27,37,1,null,
28,0,1,null,
28,1,1,null,
28,2,1,null,
28,3,1,null,
28,4,1,null,
28,5,1,null,
28,6,1,null,
28,7,1,null,
28,8,1,Hall,
28,9,1,null,
28,10,1,null,
28,11,1,null,
28,12,1,null,
28,13,1,null,
28,14,1,null,
28,15,1,null,
28,16,1,Hall,
28,17,1,null,
28,18,1,908,Grigsby
28,19,1,null,
28,20,1,910,Grigsby
28,21,1,912,Bruns
28,22,1,null,
28,23,1,914,Walton
28,24,1,916,Creek
28,25,1,918,Findley
28,26,1,null,
28,27,1,Hall,
28,28,1,920,Shelby
28,29,1,null,
28,30,1,922,Amin
28,31,1,924,Clutter
28,32,1,null,
28,33,1,null,
28,34,1,null,
28,35,1,Hall,
28,36,1,930,Haines
28,37,1,null,
29,0,1,null,
29,1,1,null,
29,2,1,null,
29,3,1,null,
29,4,1,Hall,
29,5,1,Hall,
29,6,1,Hall,
29,7,1,903,Haynes
29,8,1,Hall,
29,9,1,Hall,
29,10,1,905,Hansen
29,11,1,Hall,
29,12,1,Hall,
29,13,1,Hall,
29,14,1,Hall,
29,15,1,Hall,
29,16,1,Intersection,
29,17,1,Hall,
29,18,1,909,Blevins/Alonzo
29,19,1,Hall,
29,20,1,913,McCleary
29,21,1,915,Trowbridge
29,22,1,Hall,
29,23,1,917,A. Laws
29,24,1,Hall,
29,25,1,919,Foreign Lang Lab
29,26,1,Hall,
29,27,1,Intersection,
29,28,1,921,Davis
29,29,1,Hall,
29,30,1,Hall,
29,31,1,923,Bartolotta
29,32,1,Hall,
29,33,1,925,Moore
29,34,1,927,Moresi
29,35,1,Hall,
29,36,1,929,Phillips
29,37,1,null,
30,0,1,null,
30,1,1,null,
30,2,1,null,
30,3,1,null,
30,4,1,null,
30,5,1,null,
30,6,1,null,
30,7,1,null,
30,8,1,null,
30,9,1,null,
30,10,1,null,
30,11,1,null,
30,12,1,null,
30,13,1,null,
30,14,1,Hall,
30,15,1,null,
30,16,1,null,
30,17,1,null,
30,18,1,null,
30,19,1,null,
30,20,1,null,
30,21,1,null,
30,22,1,null,
30,23,1,null,
30,24,1,null,
30,25,1,null,
30,26,1,null,
30,27,1,null,
30,28,1,null,
30,29,1,null,
30,30,1,null,
30,31,1,null,
30,32,1,null,
30,33,1,null,
30,34,1,null,
30,35,1,Stairs,51,34,
30,36,1,null,
30,37,1,null,
31,0,1,null,
31,1,1,null,
31,2,1,null,
31,3,1,null,
31,4,1,null,
31,5,1,null,
31,6,1,null,
31,7,1,null,
31,8,1,null,
31,9,1,null,
31,10,1,null,
31,11,1,null,
31,12,1,null,
31,13,1,null,
31,14,1,Hall,
31,15,1,928,Barrett/Sundberg
31,16,1,null,
31,17,1,null,
31,18,1,null,
31,19,1,null,
31,20,1,null,
31,21,1,null,
31,22,1,null,
31,23,1,null,
31,24,1,null,
31,25,1,null,
31,26,1,null,
31,27,1,null,
31,28,1,null,
31,29,1,null,
31,30,1,null,
31,31,1,null,
31,32,1,null,
31,33,1,null,
31,34,1,null,
31,35,1,null,
31,36,1,null,
31,37,1,null,
32,0,1,null,
32,1,1,null,
32,2,1,null,
32,3,1,null,
32,4,1,null,
32,5,1,null,
32,6,1,null,
32,7,1,null,
32,8,1,null,
32,9,1,Hall,
32,10,1,907,Bean/Schulte
32,11,1,902/904,Wrestling
32,12,1,Hall,
32,13,1,Hall,
32,14,1,Hall,
32,15,1,null,
32,16,1,null,
32,17,1,null,
32,18,1,null,
32,19,1,null,
32,20,1,null,
32,21,1,null,
32,22,1,null,
32,23,1,null,
32,24,1,null,
32,25,1,null,
32,26,1,null,
32,27,1,null,
32,28,1,null,
32,29,1,null,
32,30,1,null,
32,31,1,null,
32,32,1,null,
32,33,1,null,
32,34,1,null,
32,35,1,null,
32,36,1,null,
32,37,1,null,
33,0,1,null,
33,1,1,null,
33,2,1,null,
33,3,1,null,
33,4,1,null,
33,5,1,null,
33,6,1,null,
33,7,1,null,
33,8,1,null,
33,9,1,null,
33,10,1,null,
33,11,1,null,
33,12,1,null,
33,13,1,null,
33,14,1,null,
33,15,1,null,
33,16,1,null,
33,17,1,null,
33,18,1,null,
33,19,1,null,
33,20,1,null,
33,21,1,null,
33,22,1,null,
33,23,1,null,
33,24,1,null,
33,25,1,null,
33,26,1,null,
33,27,1,null,
33,28,1,null,
33,29,1,null,
33,30,1,null,
33,31,1,null,
33,32,1,null,
33,33,1,null,
33,34,1,null,
33,35,1,null,
33,36,1,null,
33,37,1,null,
34,0,1,null,
34,1,1,null,
34,2,1,null,
34,3,1,null,
34,4,1,null,
34,5,1,null,
34,6,1,null,
34,7,1,null,
34,8,1,null,
34,9,1,null,
34,10,1,null,
34,11,1,null,
34,12,1,null,
34,13,1,null,
34,14,1,null,
34,15,1,null,
34,16,1,null,
34,17,1,null,
34,18,1,null,
34,19,1,null,
34,20,1,null,
34,21,1,null,
34,22,1,null,
34,23,1,null,
34,24,1,null,
34,25,1,null,
34,26,1,null,
34,27,1,null,
34,28,1,null,
34,29,1,null,
34,30,1,null,
34,31,1,null,
34,32,1,null,
34,33,1,null,
34,34,1,null,
34,35,1,null,
34,36,1,null,
34,37,1,null,
35,0,1,null,
35,1,1,null,
35,2,1,null,
35,3,1,null,
35,4,1,null,
35,5,1,null,
35,6,1,null,
35,7,1,null,
35,8,1,null,
35,9,1,null,
35,10,1,null,
35,11,1,null,
35,12,1,null,
35,13,1,null,
35,14,1,null,
35,15,1,null,
35,16,1,null,
35,17,1,null,
35,18,1,null,
35,19,1,null,
35,20,1,null,
35,21,1,null,
35,22,1,null,
35,23,1,null,
35,24,1,null,
35,25,1,null,
35,26,1,null,
35,27,1,null,
35,28,1,null,
35,29,1,null,
35,30,1,null,
35,31,1,null,
35,32,1,null,
35,33,1,null,
35,34,1,null,
35,35,1,null,
35,36,1,null,
35,37,1,null,
36,0,1,null,
36,1,1,null,
36,2,1,null,
36,3,1,null,
36,4,1,null,
36,5,1,null,
36,6,1,null,
36,7,1,null,
36,8,1,null,
36,9,1,null,
36,10,1,null,
36,11,1,null,
36,12,1,null,
36,13,1,null,
36,14,1,null,
36,15,1,null,
36,16,1,null,
36,17,1,null,
36,18,1,null,
36,19,1,null,
36,20,1,null,
36,21,1,null,
36,22,1,null,
36,23,1,null,
36,24,1,null,
36,25,1,null,
36,26,1,null,
36,27,1,null,
36,28,1,null,
36,29,1,null,
36,30,1,null,
36,31,1,null,
36,32,1,null,
36,33,1,null,
36,34,1,null,
36,35,1,null,
36,36,1,null,
36,37,1,null,
37,0,1,null,
37,1,1,null,
37,2,1,null,
37,3,1,null,
37,4,1,null,
37,5,1,null,
37,6,1,null,
37,7,1,null,
37,8,1,null,
37,9,1,null,
37,10,1,null,
37,11,1,null,
37,12,1,null,
37,13,1,null,
37,14,1,null,
37,15,1,null,
37,16,1,null,
37,17,1,null,
37,18,1,null,
37,19,1,null,
37,20,1,null,
37,21,1,null,
37,22,1,null,
37,23,1,null,
37,24,1,null,
37,25,1,null,
37,26,1,null,
37,27,1,null,
37,28,1,null,
37,29,1,null,
37,30,1,null,
37,31,1,null,
37,32,1,null,
37,33,1,null,
37,34,1,null,
37,35,1,null,
37,36,1,null,
37,37,1,null,
38,0,1,null,
38,1,1,null,
38,2,1,null,
38,3,1,null,
38,4,1,null,
38,5,1,null,
38,6,1,null,
38,7,1,null,
38,8,1,null,
38,9,1,null,
38,10,1,null,
38,11,1,null,
38,12,1,null,
38,13,1,null,
38,14,1,null,
38,15,1,null,
38,16,1,null,
38,17,1,null,
38,18,1,null,
38,19,1,null,
38,20,1,null,
38,21,1,null,
38,22,1,null,
38,23,1,null,
38,24,1,null,
38,25,1,null,
38,26,1,null,
38,27,1,null,
38,28,1,null,
38,29,1,null,
38,30,1,null,
38,31,1,null,
38,32,1,null,
38,33,1,null,
38,34,1,null,
38,35,1,null,
38,36,1,null,
38,37,1,null,
39,0,1,null,
39,1,1,null,
39,2,1,null,
39,3,1,null,
39,4,1,null,
39,5,1,null,
39,6,1,null,
39,7,1,null,
39,8,1,null,
39,9,1,null,
39,10,1,null,
39,11,1,null,
39,12,1,null,
39,13,1,null,
39,14,1,null,
39,15,1,null,
39,16,1,null,
39,17,1,null,
39,18,1,null,
39,19,1,null,
39,20,1,null,
39,21,1,null,
39,22,1,null,
39,23,1,null,
39,24,1,null,
39,25,1,null,
39,26,1,null,
39,27,1,null,
39,28,1,null,
39,29,1,null,
39,30,1,null,
39,31,1,null,
39,32,1,null,
39,33,1,null,
39,34,1,null,
39,35,1,null,
39,36,1,null,
39,37,1,null,
40,0,1,null,
40,1,1,null,
40,2,1,null,
40,3,1,null,
40,4,1,null,
40,5,1,null,
40,6,1,null,
40,7,1,null,
40,8,1,null,
40,9,1,null,
40,10,1,null,
40,11,1,null,
40,12,1,null,
40,13,1,null,
40,14,1,null,
40,15,1,null,
40,16,1,null,
40,17,1,null,
40,18,1,null,
40,19,1,null,
40,20,1,null,
40,21,1,null,
40,22,1,null,
40,23,1,null,
40,24,1,null,
40,25,1,null,
40,26,1,null,
40,27,1,null,
40,28,1,null,
40,29,1,null,
40,30,1,null,
40,31,1,null,
40,32,1,null,
40,33,1,null,
40,34,1,null,
40,35,1,null,
40,36,1,null,
40,37,1,null,
41,0,1,null,
41,1,1,null,
41,2,1,null,
41,3,1,null,
41,4,1,null,
41,5,1,null,
41,6,1,null,
41,7,1,null,
41,8,1,null,
41,9,1,null,
41,10,1,null,
41,11,1,null,
41,12,1,null,
41,13,1,null,
41,14,1,null,
41,15,1,null,
41,16,1,null,
41,17,1,null,
41,18,1,null,
41,19,1,null,
41,20,1,null,
41,21,1,null,
41,22,1,null,
41,23,1,null,
41,24,1,null,
41,25,1,null,
41,26,1,null,
41,27,1,null,
41,28,1,null,
41,29,1,null,
41,30,1,null,
41,31,1,null,
41,32,1,null,
41,33,1,null,
41,34,1,null,
41,35,1,null,
41,36,1,null,
41,37,1,null,
42,0,1,null,
42,1,1,null,
42,2,1,null,
42,3,1,null,
42,4,1,null,
42,5,1,null,
42,6,1,null,
42,7,1,null,
42,8,1,null,
42,9,1,null,
42,10,1,null,
42,11,1,null,
42,12,1,null,
42,13,1,null,
42,14,1,null,
42,15,1,null,
42,16,1,null,
42,17,1,null,
42,18,1,null,
42,19,1,null,
42,20,1,null,
42,21,1,null,
42,22,1,null,
42,23,1,null,
42,24,1,null,
42,25,1,null,
42,26,1,null,
42,27,1,null,
42,28,1,null,
42,29,1,null,
42,30,1,null,
42,31,1,null,
42,32,2,null,
42,33,2,null,
42,34,2,null,
42,35,2,null,
42,36,2,null,
42,37,2,Exit,
43,0,2,null,
43,1,2,null,
43,2,2,null,
43,3,2,null,
43,4,2,null,
43,5,2,null,
43,6,2,null,
43,7,2,null,
43,8,2,null,
43,9,2,null,
43,10,2,null,
43,11,2,null,
43,12,2,null,
43,13,2,null,
43,14,2,null,
43,15,2,null,
43,16,2,null,
43,17,2,null,
43,18,2,null,
43,19,2,null,
43,20,2,null,
43,21,2,null,
43,22,2,null,
43,23,2,null,
43,24,2,null,
43,25,2,null,
43,26,2,null,
43,27,2,null,
43,28,2,null,
43,29,2,null,
43,30,2,null,
43,31,2,Hall,
43,32,2,Freshman Gym,
43,33,2,null,
43,34,2,null,
43,35,2,null,
43,36,2,null,
43,37,2,null,
44,0,2,null,
44,1,2,null,
44,2,2,null,
44,3,2,null,
44,4,2,null,
44,5,2,null,
44,6,2,null,
44,7,2,null,
44,8,2,null,
44,9,2,null,
44,10,2,null,
44,11,2,null,
44,12,2,null,
44,13,2,null,
44,14,2,null,
44,15,2,null,
44,16,2,null,
44,17,2,null,
44,18,2,null,
44,19,2,null,
44,20,2,null,
44,21,2,null,
44,22,2,null,
44,23,2,null,
44,24,2,null,
44,25,2,null,
44,26,2,null,
44,27,2,null,
44,28,2,null,
44,29,2,null,
44,30,2,null,
44,31,2,Hall,
44,32,2,null,
44,33,2,null,
44,34,2,null,
44,35,2,null,
44,36,2,null,
44,37,2,null,
45,0,2,null,
45,1,2,null,
45,2,2,null,
45,3,2,null,
45,4,2,null,
45,5,2,null,
45,6,2,null,
45,7,2,null,
45,8,2,null,
45,9,2,null,
45,10,2,null,
45,11,2,null,
45,12,2,null,
45,13,2,null,
45,14,2,null,
45,15,2,null,
45,16,2,null,
45,17,2,null,
45,18,2,null,
45,19,2,null,
45,20,2,null,
45,21,2,null,
45,22,2,null,
45,23,2,null,
45,24,2,null,
45,25,2,null,
45,26,2,null,
45,27,2,1035,Wahrenbrock
45,28,2,null,
45,29,2,null,
45,30,2,null,
45,31,2,Hall,
45,32,2,null,
45,33,2,null,
45,34,2,null,
45,35,2,null,
45,36,2,null,
45,37,2,null,
46,0,2,null,
46,1,2,null,
46,2,2,null,
46,3,2,null,
46,4,2,null,
46,5,2,null,
46,6,2,null,
46,7,2,null,
46,8,2,null,
46,9,2,null,
46,10,2,null,
46,11,2,null,
46,12,2,null,
46,13,2,null,
46,14,2,null,
46,15,2,null,
46,16,2,null,
46,17,2,null,
46,18,2,null,
46,19,2,null,
46,20,2,null,
46,21,2,null,
46,22,2,null,
46,23,2,null,
46,24,2,null,
46,25,2,null,
46,26,2,Hall,
46,27,2,Hall,
46,28,2,Elevator,
46,29,2,null,
46,30,2,null,
46,31,2,Hall,
46,32,2,Freshman Gym,
46,33,2,null,
46,34,2,null,
46,35,2,null,
46,36,2,null,
46,37,2,null,
47,0,2,null,
47,1,2,null,
47,2,2,null,
47,3,2,null,
47,4,2,null,
47,5,2,null,
47,6,2,null,
47,7,2,null,
47,8,2,null,
47,9,2,null,
47,10,2,null,
47,11,2,null,
47,12,2,null,
47,13,2,null,
47,14,2,null,
47,15,2,null,
47,16,2,null,
47,17,2,null,
47,18,2,null,
47,19,2,null,
47,20,2,null,
47,21,2,null,
47,22,2,null,
47,23,2,null,
47,24,2,null,
47,25,2,Stairs,25,25,
47,26,2,Hall,
47,27,2,Hall,
47,28,2,Hall,
47,29,2,Hall,
47,30,2,Hall,
47,31,2,Hall,
47,32,2,Hall,
47,33,2,Hall,
47,34,2,Hall,
47,35,2,Hall,
47,36,2,Hall,
47,37,2,Exit,
48,0,2,null,
48,1,2,null,
48,2,2,null,
48,3,2,null,
48,4,2,null,
48,5,2,null,
48,6,2,null,
48,7,2,null,
48,8,2,null,
48,9,2,null,
48,10,2,null,
48,11,2,null,
48,12,2,null,
48,13,2,null,
48,14,2,null,
48,15,2,null,
48,16,2,null,
48,17,2,null,
48,18,2,null,
48,19,2,null,
48,20,2,null,
48,21,2,null,
48,22,2,null,
48,23,2,null,
48,24,2,null,
48,25,2,null,
48,26,2,null,
48,27,2,Hall,
48,28,2,null,
48,29,2,null,
48,30,2,null,
48,31,2,null,
48,32,2,Hall,
48,33,2,null,
48,34,2,null,
48,35,2,null,
48,36,2,Hall,
48,37,2,null,
49,0,2,null,
49,1,2,null,
49,2,2,null,
49,3,2,null,
49,4,2,null,
49,5,2,null,
49,6,2,null,
49,7,2,null,
49,8,2,null,
49,9,2,null,
49,10,2,null,
49,11,2,null,
49,12,2,null,
49,13,2,null,
49,14,2,null,
49,15,2,Elevator,
49,16,2,Hall,
49,17,2,null,
49,18,2,1010,Roberts
49,19,2,1012,Buffington
49,20,2,1014,Work Room
49,21,2,1016,Unruh
49,22,2,1018,Sapp
49,23,2,null,
49,24,2,1020,Miller
49,25,2,null,
49,26,2,1022,Baney
49,27,2,Hall,
49,28,2,null,
49,29,2,1024,Darrah
49,30,2,1026,Enright
49,31,2,1028,Hawes
49,32,2,Hall,
49,33,2,null,
49,34,2,null,
49,35,2,null,
49,36,2,1030/1034,Blevins/Blosser
49,37,2,null,
50,0,2,null,
50,1,2,null,
50,2,2,null,
50,3,2,null,
50,4,2,null,
50,5,2,Hall,
50,6,2,1001,Cole
50,7,2,1003,Gonzales
50,8,2,Hall,
50,9,2,Weight Room,Klein/Cain/Courter/Terry
50,10,2,Hall,
50,11,2,Hall,
50,12,2,Weight Room,Klein/Cain/Courter/Terry
50,13,2,Hall,
50,14,2,Intersection,
50,15,2,Hall,
50,16,2,Intersection,
50,17,2,Hall,
50,18,2,1009,Fournier
50,19,2,1011,Plummer
50,20,2,1013,Ladd
50,21,2,1015,Bubalo
50,22,2,1017,Brush
50,23,2,Hall,
50,24,2,1019,Rucinski
50,25,2,Hall,
50,26,2,Hall,
50,27,2,Hall,
50,28,2,1023,Zwahlen
50,29,2,Hall,
50,30,2,Hall,
50,31,2,Hall,
50,32,2,Hall,
50,33,2,Hall,
50,34,2,Hall,
50,35,2,Hall,
50,36,2,Hall,
50,37,2,null,
51,0,2,null,
51,1,2,null,
51,2,2,null,
51,3,2,null,
51,4,2,null,
51,5,2,null,
51,6,2,null,
51,7,2,null,
51,8,2,Hall,
51,9,2,null,
51,10,2,null,
51,11,2,null,
51,12,2,null,
51,13,2,Hall,
51,14,2,null,
51,15,2,null,
51,16,2,null,
51,17,2,null,
51,18,2,null,
51,19,2,null,
51,20,2,null,
51,21,2,null,
51,22,2,null,
51,23,2,null,
51,24,2,null,
51,25,2,null,
51,26,2,null,
51,27,2,Exit,
51,28,2,null,
51,29,2,1025,Perry
51,30,2,1027,Smith
51,31,2,null,
51,32,2,1029/1031,Jenson/Cipolla
51,33,2,null,
51,34,2,Stairs,30,35,
51,35,2,1032,Raouf
51,36,2,null,
51,37,2,null,
52,0,2,null,
52,1,2,null,
52,2,2,null,
52,3,2,null,
52,4,2,null,
52,5,2,null,
52,6,2,null,
52,7,2,null,
52,8,2,Hall,
52,9,2,null,
52,10,2,null,
52,11,2,null,
52,12,2,null,
52,13,2,Hall,
52,14,2,null,
52,15,2,null,
52,16,2,null,
52,17,2,null,
52,18,2,null,
52,19,2,null,
52,20,2,null,
52,21,2,null,
52,22,2,null,
52,23,2,null,
52,24,2,null,
52,25,2,null,
52,26,2,null,
52,27,2,null,
52,28,2,null,
52,29,2,null,
52,30,2,null,
52,31,2,null,
52,32,2,null,
52,33,2,null,
52,34,2,null,
52,35,2,null,
52,36,2,null,
52,37,2,null,
53,0,2,null,
53,1,2,null,
53,2,2,null,
53,3,2,null,
53,4,2,null,
53,5,2,null,
53,6,2,null,
53,7,2,null,
53,8,2,Varsity Boys Locker Room,
53,9,2,null,
53,10,2,null,
53,11,2,null,
53,12,2,Varsity Boys Locker Room,
53,13,2,Hall,
53,14,2,null,
53,15,2,null,
53,16,2,null,
53,17,2,null,
53,18,2,null,
53,19,2,null,
53,20,2,null,
53,21,2,null,
53,22,2,null,
53,23,2,null,
53,24,2,null,
53,25,2,null,
53,26,2,null,
53,27,2,null,
53,28,2,null,
53,29,2,null,
53,30,2,null,
53,31,2,null,
53,32,2,null,
53,33,2,null,
53,34,2,null,
53,35,2,null,
53,36,2,null,
53,37,2,null,
54,0,2,null,
54,1,2,null,
54,2,2,null,
54,3,2,null,
54,4,2,null,
54,5,2,null,
54,6,2,null,
54,7,2,null,
54,8,2,null,
54,9,2,null,
54,10,2,null,
54,11,2,null,
54,12,2,null,
54,13,2,1006,Meeting Room
54,14,2,null,
54,15,2,null,
54,16,2,null,
54,17,2,null,
54,18,2,null,
54,19,2,null,
54,20,2,null,
54,21,2,null,
54,22,2,null,
54,23,2,null,
54,24,2,null,
54,25,2,null,
54,26,2,null,
54,27,2,null,
54,28,2,null,
54,29,2,null,
54,30,2,null,
54,31,2,null,
54,32,2,null,
54,33,2,null,
54,34,2,null,
54,35,2,null,
54,36,2,null,
54,37,2,null,
55,0,2,null,
55,1,2,null,
55,2,2,null,
55,3,2,null,
55,4,2,null,
55,5,2,null,
55,6,2,null,
55,7,2,null,
55,8,2,null,
55,9,2,null,
55,10,2,null,
55,11,2,null,
55,12,2,null,
55,13,2,Hall,
55,14,2,null,
55,15,2,null,
55,16,2,null,
55,17,2,null,
55,18,2,null,
55,19,2,null,
55,20,2,null,
55,21,2,null,
55,22,2,null,
55,23,2,null,
55,24,2,null,
55,25,2,null,
55,26,2,null,
55,27,2,null,
55,28,2,null,
55,29,2,null,
55,30,2,null,
55,31,2,null,
55,32,2,null,
55,33,2,null,
55,34,2,null,
55,35,2,null,
55,36,2,null,
55,37,2,null,
56,0,2,null,
56,1,2,null,
56,2,2,null,
56,3,2,null,
56,4,2,null,
56,5,2,null,
56,6,2,null,
56,7,2,null,
56,8,2,null,
56,9,2,null,
56,10,2,null,
56,11,2,null,
56,12,2,null,
56,13,2,Hall,
56,14,2,null,
56,15,2,null,
56,16,2,null,
56,17,2,null,
56,18,2,null,
56,19,2,null,
56,20,2,null,
56,21,2,null,
56,22,2,null,
56,23,2,null,
56,24,2,null,
56,25,2,null,
56,26,2,null,
56,27,2,null,
56,28,2,null,
56,29,2,null,
56,30,2,null,
56,31,2,null,
56,32,2,null,
56,33,2,null,
56,34,2,null,
56,35,2,null,
56,36,2,null,
56,37,2,null,
57,0,2,null,
57,1,2,null,
57,2,2,null,
57,3,2,null,
57,4,2,null,
57,5,2,null,
57,6,2,null,
57,7,2,null,
57,8,2,null,
57,9,2,null,
57,10,2,null,
57,11,2,null,
57,12,2,null,
57,13,2,1007,Meeting Room
57,14,2,Exit,
57,15,2,null,
57,16,2,null,
57,17,2,null,
57,18,2,null,
57,19,2,null,
57,20,2,null,
57,21,2,null,
57,22,2,null,
57,23,2,null,
57,24,2,null,
57,25,2,null,
57,26,2,null,
57,27,2,null,
57,28,2,null,
57,29,2,null,
57,30,2,null,
57,31,2,null,
57,32,2,null,
57,33,2,null,
57,34,2,null,
57,35,2,null,
57,36,2,null,
57,37,2,null,
58,0,2,null,
58,1,2,null,
58,2,2,null,
58,3,2,null,
58,4,2,null,
58,5,2,null,
58,6,2,null,
58,7,2,null,
58,8,2,null,
58,9,2,null,
58,10,2,null,
58,11,2,null,
58,12,2,null,
58,13,2,null,
58,14,2,null,
58,15,2,null,
58,16,2,null,
58,17,2,null,
58,18,2,null,
58,19,2,null,
58,20,2,null,
58,21,2,null,
58,22,2,null,
58,23,2,null,
58,24,2,null,
58,25,2,null,
58,26,2,null,
58,27,2,null,
58,28,2,null,
58,29,2,null,
58,30,2,null,
58,31,2,null,
58,32,2,null,
58,33,2,Greenhouse,
58,34,2,null,
58,35,2,null,
58,36,2,null,
58,37,2,null,